,forum_id,submission_timestamp,review_timestamps
0,06r3tPtMv3,1655300868370,"[1661309731073, 1661051954993, 1660867989868, 1657418186756]"
1,0JIzy1TZe5,1664313365078,"[1670172232974, 1670006577433, 1668521833014, 1667572877032, 1667333709724]"
2,0nEZCVshxS,1653445207347,"[1656394338903, 1655801395425, 1654921547989, 1654843806459, 1654758655207, 1654521232061]"
3,0P2UDcaCnY,1661730826304,"[1664944321023, 1664943945364, 1664942810216, 1664267505821, 1664266862594, 1663524846202, 1663463763013, 1663141011908, 1662967617997]"
4,0pn3KnbH5F,1670250733120,"[1675701261716, 1675290061073, 1672523004839]"
5,0WKTmrVkd2,1671859562786,"[1699049457893, 1692307515006, 1688332084426, 1677920705873, 1675383157760]"
6,0xENE7HiYm,1653043985905,"[1657603171052, 1657601529279, 1657030288962, 1657013771141, 1656678762612, 1655358540257, 1654714638516, 1654306041220]"
7,0ZbPmmB61g,1648225133183,"[1650620312622, 1649818634475, 1649639981347]"
8,10JdgrzNOk,1666779466244,"[1675037170508, 1672506979969, 1670368327418]"
9,11osftjEbF,1664542567178,"[1671052732437, 1670955703335, 1669680795902, 1668628008918, 1667604104797]"
10,11pGlecTz2,1671514930441,"[1676477050870, 1675432461093, 1674326015211, 1674325952172, 1673852872360, 1672831848817, 1672798745981]"
11,12QKTmXjZn,1675154657902,"[1682430829384, 1681622507299, 1680722141743, 1676394259258]"
12,155XNbeViS,1667913471387,"[1671797705771, 1670966661534, 1670718623492]"
13,15SoThZmtU,1655310675627,"[1660305286569, 1658433490370, 1657127323119, 1656305038564]"
14,162TqkUNPO,1676924719761,"[1681915345566, 1678695477619, 1678581540245, 1678577191433]"
15,1AxQpKmiTc,1656839203637,"[1659072396154, 1658898020202, 1658267966269]"
16,1GARqT9AT8,1656503307200,"[1660343386385, 1660232414615, 1660151294481, 1660132615926, 1659560282058, 1658177566518, 1657795009406, 1657193725999]"
17,1GEYhxqIlJ,1667789224729,"[1676583170049, 1674961411884, 1673622986944, 1670253386455]"
18,1H705s0cBQ,1668571350683,"[1681710719122, 1673649862320, 1671561784092]"
19,1HVpTXwZxK,1657288692659,"[1658782913518, 1658543623289, 1658504548904]"
20,1ikK0kHjvj,1660742392187,"[1665778204657, 1664728178611, 1664415517890, 1664403672257]"
21,1IYJfwJtjQ,1672764557996,"[1680067238847, 1677550772923, 1676679243414, 1674521910130, 1674509117836]"
22,1l0sClLiPc,1658119366193,"[1659499697788, 1659439841563, 1658662044654]"
23,1LXRiPYSC4,1663147087141,"[1667475530121, 1665764903835, 1665495641719]"
24,1n7q9mxG3T,1659985844752,"[1663010369003, 1662144056128, 1660722509697]"
25,1nhTDzxxMA,1675179737183,"[1678082117280, 1677869898902, 1677547777287]"
26,1oJp1R9PSJ,1665768480594,"[1672995617737, 1669649107421, 1669505415432]"
27,1PfcmFTXoa,1662976319482,"[1666412118337, 1665720143607, 1665586945497, 1665221861330, 1664915615888, 1664742876077]"
28,1U0aPkBVz0,1662976319482,"[1666412118337, 1665720143607, 1665586945497, 1665221861330, 1664915615888, 1664742876077]"
29,1U7m4W9P1i,1662976319482,"[1666412118337, 1665720143607, 1665586945497, 1665221861330, 1664915615888, 1664742876077]"
30,1YoumU2cQd,1662976319482,"[1666412118337, 1665720143607, 1665586945497, 1665221861330, 1664915615888, 1664742876077]"
31,29V0xo7jKp,1662976319482,"[1666412118337, 1665720143607, 1665586945497, 1665221861330, 1664915615888, 1664742876077]"
32,2EOVIvRXlv,1662976319482,"[1666412118337, 1665720143607, 1665586945497, 1665221861330, 1664915615888, 1664742876077]"
33,2JhYMWwYj9,1662976319482,"[1666412118337, 1665720143607, 1665586945497, 1665221861330, 1664915615888, 1664742876077]"
34,2R0fQfnijt,1662976319482,"[1666412118337, 1665720143607, 1665586945497, 1665221861330, 1664915615888, 1664742876077]"
35,2UQv8L1Cv9,1662976319482,"[1666412118337, 1665720143607, 1665586945497, 1665221861330, 1664915615888, 1664742876077]"
36,2VEUIq9Yff,1662976319482,"[1666412118337, 1665720143607, 1665586945497, 1665221861330, 1664915615888, 1664742876077]"
37,2VWR6JfwNo,1662976319482,"[1666412118337, 1665720143607, 1665586945497, 1665221861330, 1664915615888, 1664742876077]"
38,2Yo9xqR6Ab,1662976319482,"[1666412118337, 1665720143607, 1665586945497, 1665221861330, 1664915615888, 1664742876077]"
39,2mZSlQscj3,1662976319482,"[1666412118337, 1665720143607, 1665586945497, 1665221861330, 1664915615888, 1664742876077]"
40,2wWJxtpFer,1662976319482,"[1666412118337, 1665720143607, 1665586945497, 1665221861330, 1664915615888, 1664742876077]"
41,31EWrnEBsn,1662976319482,"[1666412118337, 1665720143607, 1665586945497, 1665221861330, 1664915615888, 1664742876077]"
42,35y5hv9fbb,1662976319482,"[1666412118337, 1665720143607, 1665586945497, 1665221861330, 1664915615888, 1664742876077]"
43,37lFb6hUuv,1662976319482,"[1666412118337, 1665720143607, 1665586945497, 1665221861330, 1664915615888, 1664742876077]"
44,3IqqJh2Ycy,1662976319482,"[1666412118337, 1665720143607, 1665586945497, 1665221861330, 1664915615888, 1664742876077]"
45,3NnThAQgS4,1662976319482,"[1666412118337, 1665720143607, 1665586945497, 1665221861330, 1664915615888, 1664742876077]"
46,3agxS3aDUs,1662976319482,"[1666412118337, 1665720143607, 1665586945497, 1665221861330, 1664915615888, 1664742876077]"
47,3dSZUYjPwN,1662976319482,"[1666412118337, 1665720143607, 1665586945497, 1665221861330, 1664915615888, 1664742876077]"
48,3epEbhdgbv,1662976319482,"[1666412118337, 1665720143607, 1665586945497, 1665221861330, 1664915615888, 1664742876077]"
49,3gfpBR1ncr,1662976319482,"[1666412118337, 1665720143607, 1665586945497, 1665221861330, 1664915615888, 1664742876077]"
50,3v78awEzyB,1662976319482,"[1666412118337, 1665720143607, 1665586945497, 1665221861330, 1664915615888, 1664742876077]"
51,4Cx6GHd99J,1662976319482,"[1666412118337, 1665720143607, 1665586945497, 1665221861330, 1664915615888, 1664742876077]"
52,4FU8Jz1Oyj,1662976319482,"[1666412118337, 1665720143607, 1665586945497, 1665221861330, 1664915615888, 1664742876077]"
53,4GuIi1jJ74,1662976319482,"[1666412118337, 1665720143607, 1665586945497, 1665221861330, 1664915615888, 1664742876077]"
54,4ID37Uv64p,1662976319482,"[1666412118337, 1665720143607, 1665586945497, 1665221861330, 1664915615888, 1664742876077]"
55,4N6T6Rop6k,1662976319482,"[1666412118337, 1665720143607, 1665586945497, 1665221861330, 1664915615888, 1664742876077]"
56,4TC8DriqER,1662976319482,"[1666412118337, 1665720143607, 1665586945497, 1665221861330, 1664915615888, 1664742876077]"
57,4eL6z9ziw7,1662976319482,"[1666412118337, 1665720143607, 1665586945497, 1665221861330, 1664915615888, 1664742876077]"
58,4jEuiMPKSF,1662976319482,"[1666412118337, 1665720143607, 1665586945497, 1665221861330, 1664915615888, 1664742876077]"
59,4nPswr1KcP,1662976319482,"[1666412118337, 1665720143607, 1665586945497, 1665221861330, 1664915615888, 1664742876077]"
60,4ofFo7D5GL,1662976319482,"[1666412118337, 1665720143607, 1665586945497, 1665221861330, 1664915615888, 1664742876077]"
61,4pCjIGIjrt,1662976319482,"[1666412118337, 1665720143607, 1665586945497, 1665221861330, 1664915615888, 1664742876077]"
62,4w3Pya9OxC,1662976319482,"[1666412118337, 1665720143607, 1665586945497, 1665221861330, 1664915615888, 1664742876077]"
63,4yH7ouS43L,1662976319482,"[1666412118337, 1665720143607, 1665586945497, 1665221861330, 1664915615888, 1664742876077]"
64,4zCgjqjzAv,1662976319482,"[1666412118337, 1665720143607, 1665586945497, 1665221861330, 1664915615888, 1664742876077]"
65,55BcghgicI,1662976319482,"[1666412118337, 1665720143607, 1665586945497, 1665221861330, 1664915615888, 1664742876077]"
66,56cTmVrg5w,1662976319482,"[1666412118337, 1665720143607, 1665586945497, 1665221861330, 1664915615888, 1664742876077]"
67,5II12ypVQo,1662976319482,"[1666412118337, 1665720143607, 1665586945497, 1665221861330, 1664915615888, 1664742876077]"
68,5MGL0GEaDJ,1662976319482,"[1666412118337, 1665720143607, 1665586945497, 1665221861330, 1664915615888, 1664742876077]"
69,5aYGXxByI6,1662976319482,"[1666412118337, 1665720143607, 1665586945497, 1665221861330, 1664915615888, 1664742876077]"
70,5auyVxWvN3,1662976319482,"[1666412118337, 1665720143607, 1665586945497, 1665221861330, 1664915615888, 1664742876077]"
71,5erasT6Tal,1662976319482,"[1666412118337, 1665720143607, 1665586945497, 1665221861330, 1664915615888, 1664742876077]"
72,5nVJlKgmxp,1662976319482,"[1666412118337, 1665720143607, 1665586945497, 1665221861330, 1664915615888, 1664742876077]"
73,5rq8iRzHAQ,1662976319482,"[1666412118337, 1665720143607, 1665586945497, 1665221861330, 1664915615888, 1664742876077]"
74,63sJsCmq6Q,1662976319482,"[1666412118337, 1665720143607, 1665586945497, 1665221861330, 1664915615888, 1664742876077]"
75,6IFi2soduD,1662976319482,"[1666412118337, 1665720143607, 1665586945497, 1665221861330, 1664915615888, 1664742876077]"
76,6IeUepLl21,1662976319482,"[1666412118337, 1665720143607, 1665586945497, 1665221861330, 1664915615888, 1664742876077]"
77,6dsvH7pQHH,1662976319482,"[1666412118337, 1665720143607, 1665586945497, 1665221861330, 1664915615888, 1664742876077]"
78,6edxfTfGla,1662976319482,"[1666412118337, 1665720143607, 1665586945497, 1665221861330, 1664915615888, 1664742876077]"
79,6kwnAU9J8H,1662976319482,"[1666412118337, 1665720143607, 1665586945497, 1665221861330, 1664915615888, 1664742876077]"
80,6lDmsAHCNo,1662976319482,"[1666412118337, 1665720143607, 1665586945497, 1665221861330, 1664915615888, 1664742876077]"
81,6qMKztPn0n,1662976319482,"[1666412118337, 1665720143607, 1665586945497, 1665221861330, 1664915615888, 1664742876077]"
82,6rbcq0qacA,1662976319482,"[1666412118337, 1665720143607, 1665586945497, 1665221861330, 1664915615888, 1664742876077]"
83,6zdIXnMs0F,1662976319482,"[1666412118337, 1665720143607, 1665586945497, 1665221861330, 1664915615888, 1664742876077]"
84,70E72aMWVO,1662976319482,"[1666412118337, 1665720143607, 1665586945497, 1665221861330, 1664915615888, 1664742876077]"
85,757e7RidmH,1662976319482,"[1666412118337, 1665720143607, 1665586945497, 1665221861330, 1664915615888, 1664742876077]"
86,75NtszAm76,1662976319482,"[1666412118337, 1665720143607, 1665586945497, 1665221861330, 1664915615888, 1664742876077]"
87,7M4F3r66UV,1662976319482,"[1666412118337, 1665720143607, 1665586945497, 1665221861330, 1664915615888, 1664742876077]"
88,7Ucy1IQo8V,1662976319482,"[1666412118337, 1665720143607, 1665586945497, 1665221861330, 1664915615888, 1664742876077]"
89,7gzQltQSwr,1662976319482,"[1666412118337, 1665720143607, 1665586945497, 1665221861330, 1664915615888, 1664742876077]"
90,7iSYW1FRWA,1662976319482,"[1666412118337, 1665720143607, 1665586945497, 1665221861330, 1664915615888, 1664742876077]"
91,7j0GI6tPYi,1662976319482,"[1666412118337, 1665720143607, 1665586945497, 1665221861330, 1664915615888, 1664742876077]"
92,7kiCEaUjfK,1662976319482,"[1666412118337, 1665720143607, 1665586945497, 1665221861330, 1664915615888, 1664742876077]"
93,7sOteUqx6z,1662976319482,"[1666412118337, 1665720143607, 1665586945497, 1665221861330, 1664915615888, 1664742876077]"
94,82JahDJRpO,1662976319482,"[1666412118337, 1665720143607, 1665586945497, 1665221861330, 1664915615888, 1664742876077]"
95,82hRiAbnnm,1662976319482,"[1666412118337, 1665720143607, 1665586945497, 1665221861330, 1664915615888, 1664742876077]"
96,85BfDdYMBY,1662976319482,"[1666412118337, 1665720143607, 1665586945497, 1665221861330, 1664915615888, 1664742876077]"
97,86fhqdBUbx,1662976319482,"[1666412118337, 1665720143607, 1665586945497, 1665221861330, 1664915615888, 1664742876077]"
98,8GvRCWKHIL,1662976319482,"[1666412118337, 1665720143607, 1665586945497, 1665221861330, 1664915615888, 1664742876077]"
99,8HuyXvbvqX,1662976319482,"[1666412118337, 1665720143607, 1665586945497, 1665221861330, 1664915615888, 1664742876077]"
100,8JJf0qKY1j,1662976319482,"[1666412118337, 1665720143607, 1665586945497, 1665221861330, 1664915615888, 1664742876077]"
101,8QoxXTDcsH,1662976319482,"[1666412118337, 1665720143607, 1665586945497, 1665221861330, 1664915615888, 1664742876077]"
102,8WUyeeMxMH,1662976319482,"[1666412118337, 1665720143607, 1665586945497, 1665221861330, 1664915615888, 1664742876077]"
103,8isD3lOdIl,1662976319482,"[1666412118337, 1665720143607, 1665586945497, 1665221861330, 1664915615888, 1664742876077]"
104,8m0jGwezEg,1662976319482,"[1666412118337, 1665720143607, 1665586945497, 1665221861330, 1664915615888, 1664742876077]"
105,8oGth5Ufqc,1662976319482,"[1666412118337, 1665720143607, 1665586945497, 1665221861330, 1664915615888, 1664742876077]"
106,8qBxzb4rCn,1662976319482,"[1666412118337, 1665720143607, 1665586945497, 1665221861330, 1664915615888, 1664742876077]"
107,8s8K2UZGTZ,1662976319482,"[1666412118337, 1665720143607, 1665586945497, 1665221861330, 1664915615888, 1664742876077]"
108,8xYjvaCxNR,1662976319482,"[1666412118337, 1665720143607, 1665586945497, 1665221861330, 1664915615888, 1664742876077]"
109,99J6lWgXCl,1662976319482,"[1666412118337, 1665720143607, 1665586945497, 1665221861330, 1664915615888, 1664742876077]"
110,9KoBOlstTq,1662976319482,"[1666412118337, 1665720143607, 1665586945497, 1665221861330, 1664915615888, 1664742876077]"
111,9NjqD9i48M,1662976319482,"[1666412118337, 1665720143607, 1665586945497, 1665221861330, 1664915615888, 1664742876077]"
112,9aXKUJEKwV,1662976319482,"[1666412118337, 1665720143607, 1665586945497, 1665221861330, 1664915615888, 1664742876077]"
113,9blaLpc5iz,1662976319482,"[1666412118337, 1665720143607, 1665586945497, 1665221861330, 1664915615888, 1664742876077]"
114,9iRpRNB994,1662976319482,"[1666412118337, 1665720143607, 1665586945497, 1665221861330, 1664915615888, 1664742876077]"
115,9j0wD5iV5f,1662976319482,"[1666412118337, 1665720143607, 1665586945497, 1665221861330, 1664915615888, 1664742876077]"
116,9kVicGdoh3,1662976319482,"[1666412118337, 1665720143607, 1665586945497, 1665221861330, 1664915615888, 1664742876077]"
117,9lyqt3rbDc,1662976319482,"[1666412118337, 1665720143607, 1665586945497, 1665221861330, 1664915615888, 1664742876077]"
118,9nhmKwLAWV,1654715854717,"[1660750753765, 1658899263942, 1658848207553, 1657519015149, 1657510101865]"
119,9pWjgQ3y85,1677176226163,"[1680869839118, 1680537443233, 1679459610994, 1678737501384, 1678373417830]"
120,9sVCIngrhP,1675836230117,"[1685746885509, 1683427882236, 1680316032093]"
121,9tl6zjLYVS,1660845564021,"[1662717103688, 1662673113440, 1661798880783, 1661730350382]"
122,9ycqTmEEYD,1651682163338,"[1656269186670, 1655396885612, 1655369593866, 1655339335757, 1653749324547, 1653171640287, 1653114918575, 1653113661276]"
123,A3u8KqSBC7,1657272709370,"[1664124091184, 1664093546248, 1661617250633, 1660965704798, 1659724521676, 1659446606211]"
124,A5tIluhDW6,1659731570681,"[1662816111740, 1661295833201, 1661155044531]"
125,A8pqQipwkt,1674496351076,"[1678655351370, 1678654412833, 1676912663504, 1676136434136, 1676068956684]"
126,A9aCtbelaR,1670081284299,"[1677495180328, 1672874615838, 1671911423560]"
127,AEoYjvjKVA,1655157349294,"[1657386493838, 1657092256604, 1656332067995]"
128,AFDcYJKhND,1660249266121,"[1665446866480, 1664186530408, 1663620479088, 1663320020537]"
129,AMIyxTaLgQ,1670627354702,"[1673104164021, 1672879184691, 1671813402419]"
130,AU4qHN2VkS,1663909824697,"[1667464081324, 1666973852515, 1665955816796]"
131,AZ4GobeSLq,1668791961895,"[1676065081412, 1675352714350, 1673420707809, 1670784505716]"
132,AZIfC91hjM,1656364355860,"[1663060805314, 1658932303426, 1658469286432, 1657731075980]"
133,AhXLqWh0LH,1658925424912,"[1663591679333, 1663532319982, 1663429028464, 1662736313967, 1662614657104, 1662462526741]"
134,AiOUi3440V,1651618273285,"[1657322619003, 1657223155181, 1657222969503, 1654935897998, 1654387915662, 1654209365182]"
135,AqAUtEylUM,1655723884129,"[1657653150173, 1657211144346, 1656186623951]"
136,Au1LNKmRvh,1658232829155,"[1659696754643, 1659555376686, 1658871397073]"
137,B0WYWvVA2r,1670736459768,"[1679963181041, 1676956332830, 1676898065262, 1674651668120, 1674542706114]"
138,B4J40x7NjA,1677058323739,"[1680872453668, 1679776835208, 1678805286722, 1678088036715]"
139,B7PFZtm8DA,1673515466565,"[1679122784969, 1678811788808, 1678143901872]"
140,B9jqhnukny,1666365922598,"[1670872677880, 1670611551065, 1670328494433, 1670327973653, 1668801395163, 1667825513798, 1667271371538]"
141,BDqzLH1gEm,1653080639446,"[1656829426504, 1655608444867, 1655093664078, 1654935283553]"
142,BVi6MhKO0G,1670257054720,"[1672948965852, 1672001761548, 1671028724499]"
143,BhOjlBGdAY,1666163988889,"[1669017967920, 1668677904548, 1668612266191]"
144,Bl9zHn12iP,1676654386956,"[1685094179601, 1684560827408, 1684364917725, 1681745929826, 1680162944251]"
145,Bo8jkEaQAo,1659585053749,"[1661956781195, 1661908043297, 1660795325429]"
146,Bwork7I9E5,1668421480726,"[1674934896645, 1673240121221, 1670986222556, 1669731698499]"
147,C1Xl8dYCBn,1669252437564,"[1675103382779, 1674627939020, 1672843755386]"
148,CExeD0jpB6,1654189403370,"[1663943352793, 1663070768023, 1662434188124, 1661995772472, 1657412967220, 1657082262912]"
149,CUDdbTT1QC,1669296616586,"[1673971959518, 1673533867416, 1673389578932, 1673389527363, 1672343213647, 1672239514093, 1670283551540, 1670151996010]"
150,Cc5hHF5w3h,1649094867576,"[1651660101412, 1651598123879, 1650243397944]"
151,Cct7kqbHK6,1652868596665,"[1656909010259, 1656432640200, 1655360743462, 1655320550792, 1655284513999]"
152,CfzIsWWBlo,1656509489522,"[1659488753475, 1658480452353, 1657596040659]"
153,Cj6pLclmwT,1669322313224,"[1675044809202, 1671632984749, 1670851136310]"
154,ClIcmwdlxn,1673549895838,"[1681226982528, 1678048785212, 1677501653660]"
155,CqTkapZ6H9,1677528100779,"[1681312134797, 1681039858679, 1679885781384]"
156,CrNI4xVOUs,1670936342237,"[1673056176997, 1672532624494, 1672482584721]"
157,CrimIjBa64,1659401511254,"[1662077811436, 1661722502743, 1660319879778]"
158,CsqNAxgydY,1677785569976,"[1679426057791, 1678872097846, 1678737672087, 1678184431466]"
159,Cx64ppKQ5G,1678026247790,"[1680779075074, 1679142431182, 1679042654161]"
160,D3WI0QG7dC,1652457603737,"[1658317332339, 1658253407323, 1655680711957, 1655105130743, 1653851564637]"
161,D45gGvUZp2,1675347627335,"[1680286608227, 1680021408295, 1678777624904, 1678307625158]"
162,DGTUcqNUba,1660414539325,"[1662250569237, 1662139959419, 1662127225307]"
163,DHEZuKStzH,1670240721066,"[1675063698125, 1674620990313, 1671571231320, 1671530811569]"
164,DJr6zorJM2,1674835906380,"[1679930588139, 1676471403479, 1676375543006, 1676303220085]"
165,DUGATQhjOa,1652127393192,"[1656431897693, 1656428503729, 1655337347550, 1655315910950, 1654680432268, 1653760507900]"
166,DUsgPi3oCC,1675282364699,"[1679696002473, 1678492127922, 1677060832251, 1676176748077]"
167,DY1pMrmDkm,1663565972764,"[1668469449649, 1665654774903, 1665565207710, 1665178023492]"
168,DZPydgaUY5,1657702010413,"[1661221208096, 1660414220769, 1658638457151]"
169,DdZoPUPm0a,1678123234619,"[1680244975835, 1680197499593, 1679430223580]"
170,DijnKziche,1655993968508,"[1660776808744, 1660095933525, 1659259552184, 1658977097563]"
171,DmjBJtCIKu,1659164115871,"[1665778882876, 1664845213305, 1662751580846, 1662496524484]"
172,DqKdgQx7nY,1649079012547,"[1652468376645, 1652211010775, 1652060481038]"
173,DzJ7JfPXkE,1666889410090,"[1671449417118, 1669497441697, 1668309534334, 1668295105511, 1668247663625]"
174,E2lP5gsSsF,1655211914619,"[1659714085668, 1659053783002, 1658968080137, 1658600515805, 1657849127024, 1657506288364]"
175,E4mUkIJ9kn,1675666911928,"[1681926515075, 1680181748579, 1678602768406, 1678344081804]"
176,EBWwMUTWA9,1673301270534,"[1679320337703, 1679319934143, 1676976862313, 1676248824339, 1675350205645]"
177,EDAk6F8yMM,1658169302683,"[1661251834740, 1660594193169, 1659691774952, 1659517101429]"
178,EKtlJWam6h,1658169302683,"[1661251834740, 1660594193169, 1659691774952, 1659517101429]"
179,EPPqt3uERT,1658169302683,"[1661251834740, 1660594193169, 1659691774952, 1659517101429]"
180,EQEKBygQiF,1658169302683,"[1661251834740, 1660594193169, 1659691774952, 1659517101429]"
181,EQpGkw5rvL,1658169302683,"[1661251834740, 1660594193169, 1659691774952, 1659517101429]"
182,ERqGqZzSu5,1658169302683,"[1661251834740, 1660594193169, 1659691774952, 1659517101429]"
183,ETH1GDbSPw,1658169302683,"[1661251834740, 1660594193169, 1659691774952, 1659517101429]"
184,EYrRzKPinA,1658169302683,"[1661251834740, 1660594193169, 1659691774952, 1659517101429]"
185,EZhkV2BjDP,1658169302683,"[1661251834740, 1660594193169, 1659691774952, 1659517101429]"
186,EcO69RTCjU,1658169302683,"[1661251834740, 1660594193169, 1659691774952, 1659517101429]"
187,Ee277P3AYC,1658169302683,"[1661251834740, 1660594193169, 1659691774952, 1659517101429]"
188,EgHnKOLaKW,1658169302683,"[1661251834740, 1660594193169, 1659691774952, 1659517101429]"
189,EiX2L4sDPG,1658169302683,"[1661251834740, 1660594193169, 1659691774952, 1659517101429]"
190,Euf7KofunK,1658169302683,"[1661251834740, 1660594193169, 1659691774952, 1659517101429]"
191,F0sHMGzSCv,1658169302683,"[1661251834740, 1660594193169, 1659691774952, 1659517101429]"
192,F2rG2CXsgO,1658169302683,"[1661251834740, 1660594193169, 1659691774952, 1659517101429]"
193,FByH3qL87G,1658169302683,"[1661251834740, 1660594193169, 1659691774952, 1659517101429]"
194,FDbQGCAViI,1658169302683,"[1661251834740, 1660594193169, 1659691774952, 1659517101429]"
195,FFqMVz0oQm,1658169302683,"[1661251834740, 1660594193169, 1659691774952, 1659517101429]"
196,FRKCPEq2uL,1658169302683,"[1661251834740, 1660594193169, 1659691774952, 1659517101429]"
197,FT4PSqr2Gi,1658169302683,"[1661251834740, 1660594193169, 1659691774952, 1659517101429]"
198,FTtFAg3pek,1658169302683,"[1661251834740, 1660594193169, 1659691774952, 1659517101429]"
199,FbztvhdCX9,1658169302683,"[1661251834740, 1660594193169, 1659691774952, 1659517101429]"
200,FcQpsp7yqc,1658169302683,"[1661251834740, 1660594193169, 1659691774952, 1659517101429]"
201,FdMWtpVT1I,1658169302683,"[1661251834740, 1660594193169, 1659691774952, 1659517101429]"
202,Fqzn1iPoW3,1658169302683,"[1661251834740, 1660594193169, 1659691774952, 1659517101429]"
203,G2GKiicaJI,1658169302683,"[1661251834740, 1660594193169, 1659691774952, 1659517101429]"
204,G979lBosKY,1658169302683,"[1661251834740, 1660594193169, 1659691774952, 1659517101429]"
205,GEoGYOdwzJ,1658169302683,"[1661251834740, 1660594193169, 1659691774952, 1659517101429]"
206,GFK1FheE7F,1658169302683,"[1661251834740, 1660594193169, 1659691774952, 1659517101429]"
207,GQXLTtEm0O,1658169302683,"[1661251834740, 1660594193169, 1659691774952, 1659517101429]"
208,GRBbtkW3Lp,1658169302683,"[1661251834740, 1660594193169, 1659691774952, 1659517101429]"
209,GbIhy0oFec,1658169302683,"[1661251834740, 1660594193169, 1659691774952, 1659517101429]"
210,GbkWw3jwL9,1658169302683,"[1661251834740, 1660594193169, 1659691774952, 1659517101429]"
211,GcO6ugrLKp,1658169302683,"[1661251834740, 1660594193169, 1659691774952, 1659517101429]"
212,Gp0pHyUyrb,1658169302683,"[1661251834740, 1660594193169, 1659691774952, 1659517101429]"
213,Grhi800jVz,1658169302683,"[1661251834740, 1660594193169, 1659691774952, 1659517101429]"
214,GvF9ktXI1V,1658169302683,"[1661251834740, 1660594193169, 1659691774952, 1659517101429]"
215,GzqdMrFQsE,1658169302683,"[1661251834740, 1660594193169, 1659691774952, 1659517101429]"
216,H1SekypXKA,1658169302683,"[1661251834740, 1660594193169, 1659691774952, 1659517101429]"
217,H8Ey4uFsIK,1658169302683,"[1661251834740, 1660594193169, 1659691774952, 1659517101429]"
218,HFfJWx60IT,1658169302683,"[1661251834740, 1660594193169, 1659691774952, 1659517101429]"
219,HG11PAmwQ6,1658169302683,"[1661251834740, 1660594193169, 1659691774952, 1659517101429]"
220,HP1V7QRXgv,1658169302683,"[1661251834740, 1660594193169, 1659691774952, 1659517101429]"
221,HQA7J1E3NJ,1658169302683,"[1661251834740, 1660594193169, 1659691774952, 1659517101429]"
222,HVAeM6sNo8,1658169302683,"[1661251834740, 1660594193169, 1659691774952, 1659517101429]"
223,HjelcW6wio,1658169302683,"[1661251834740, 1660594193169, 1659691774952, 1659517101429]"
224,Hnr23knZfY,1658169302683,"[1661251834740, 1660594193169, 1659691774952, 1659517101429]"
225,Hp4g7FAXXG,1658169302683,"[1661251834740, 1660594193169, 1659691774952, 1659517101429]"
226,HyPpiKREIb,1658169302683,"[1661251834740, 1660594193169, 1659691774952, 1659517101429]"
227,HyPvqFnI5J,1658169302683,"[1661251834740, 1660594193169, 1659691774952, 1659517101429]"
228,I4IkGmgFJz,1658169302683,"[1661251834740, 1660594193169, 1659691774952, 1659517101429]"
229,I9jLbsV3mW,1658169302683,"[1661251834740, 1660594193169, 1659691774952, 1659517101429]"
230,IHjNxOm6zK,1658169302683,"[1661251834740, 1660594193169, 1659691774952, 1659517101429]"
231,IHvHwQbYcJ,1658169302683,"[1661251834740, 1660594193169, 1659691774952, 1659517101429]"
232,IIQXVJAcrt,1658169302683,"[1661251834740, 1660594193169, 1659691774952, 1659517101429]"
233,IJeOHgLIax,1658169302683,"[1661251834740, 1660594193169, 1659691774952, 1659517101429]"
234,IKhEPWGdwK,1658169302683,"[1661251834740, 1660594193169, 1659691774952, 1659517101429]"
235,ILPFasEaHA,1658169302683,"[1661251834740, 1660594193169, 1659691774952, 1659517101429]"
236,Id7hTt78FV,1658169302683,"[1661251834740, 1660594193169, 1659691774952, 1659517101429]"
237,Ig82l87ZVU,1658169302683,"[1661251834740, 1660594193169, 1659691774952, 1659517101429]"
238,Ii7UeHc0mO,1658169302683,"[1661251834740, 1660594193169, 1659691774952, 1659517101429]"
239,IlhL042ByE,1658169302683,"[1661251834740, 1660594193169, 1659691774952, 1659517101429]"
240,ImTbXt1lWG,1658169302683,"[1661251834740, 1660594193169, 1659691774952, 1659517101429]"
241,IqJsyulDUX,1658169302683,"[1661251834740, 1660594193169, 1659691774952, 1659517101429]"
242,IvsGP7xRvm,1658169302683,"[1661251834740, 1660594193169, 1659691774952, 1659517101429]"
243,JBuCfkmKYu,1658169302683,"[1661251834740, 1660594193169, 1659691774952, 1659517101429]"
244,JHTnT9vezG,1658169302683,"[1661251834740, 1660594193169, 1659691774952, 1659517101429]"
245,JJrKbq35l4,1658169302683,"[1661251834740, 1660594193169, 1659691774952, 1659517101429]"
246,JL6MU9XFzW,1658169302683,"[1661251834740, 1660594193169, 1659691774952, 1659517101429]"
247,JXCH5N4Ujy,1658169302683,"[1661251834740, 1660594193169, 1659691774952, 1659517101429]"
248,Jj0qSbtwdb,1658169302683,"[1661251834740, 1660594193169, 1659691774952, 1659517101429]"
249,JjNNIyKtiM,1658169302683,"[1661251834740, 1660594193169, 1659691774952, 1659517101429]"
250,JjbsIYOuNi,1658169302683,"[1661251834740, 1660594193169, 1659691774952, 1659517101429]"
251,Jjl2c8kWUc,1658169302683,"[1661251834740, 1660594193169, 1659691774952, 1659517101429]"
252,JkIH4MeOc3,1658169302683,"[1661251834740, 1660594193169, 1659691774952, 1659517101429]"
253,JnsGy9uWtI,1658169302683,"[1661251834740, 1660594193169, 1659691774952, 1659517101429]"
254,JnyraW4kBt,1658169302683,"[1661251834740, 1660594193169, 1659691774952, 1659517101429]"
255,JwDpZSv3yz,1658169302683,"[1661251834740, 1660594193169, 1659691774952, 1659517101429]"
256,JwgVBv18RG,1658169302683,"[1661251834740, 1660594193169, 1659691774952, 1659517101429]"
257,JyKNuoZGux,1658169302683,"[1661251834740, 1660594193169, 1659691774952, 1659517101429]"
258,K6g4MbAC1r,1658169302683,"[1661251834740, 1660594193169, 1659691774952, 1659517101429]"
259,K796fgqQdh,1658169302683,"[1661251834740, 1660594193169, 1659691774952, 1659517101429]"
260,K9BtQxtXJr,1658169302683,"[1661251834740, 1660594193169, 1659691774952, 1659517101429]"
261,KBhSyBBeeO,1658169302683,"[1661251834740, 1660594193169, 1659691774952, 1659517101429]"
262,KKeCMim5VN,1658169302683,"[1661251834740, 1660594193169, 1659691774952, 1659517101429]"
263,KQRv0O8iW4,1658169302683,"[1661251834740, 1660594193169, 1659691774952, 1659517101429]"
264,KSvr8A62MD,1658169302683,"[1661251834740, 1660594193169, 1659691774952, 1659517101429]"
265,Kb1lb0vSLa,1658169302683,"[1661251834740, 1660594193169, 1659691774952, 1659517101429]"
266,KgfFAI9f3E,1658169302683,"[1661251834740, 1660594193169, 1659691774952, 1659517101429]"
267,KwWKB9Bqam,1658169302683,"[1661251834740, 1660594193169, 1659691774952, 1659517101429]"
268,KwrWgXrbt4,1658169302683,"[1661251834740, 1660594193169, 1659691774952, 1659517101429]"
269,KxBQPz7HKh,1658169302683,"[1661251834740, 1660594193169, 1659691774952, 1659517101429]"
270,L9othQvPks,1658169302683,"[1661251834740, 1660594193169, 1659691774952, 1659517101429]"
271,LBA2Jj5Gqn,1658169302683,"[1661251834740, 1660594193169, 1659691774952, 1659517101429]"
272,LFkRUCalFt,1658169302683,"[1661251834740, 1660594193169, 1659691774952, 1659517101429]"
273,LHAbHkt6Aq,1658169302683,"[1661251834740, 1660594193169, 1659691774952, 1659517101429]"
274,LIT8tjs6rJ,1658169302683,"[1661251834740, 1660594193169, 1659691774952, 1659517101429]"
275,LJohl5DnZf,1658169302683,"[1661251834740, 1660594193169, 1659691774952, 1659517101429]"
276,LRYtNj8Xw0,1658169302683,"[1661251834740, 1660594193169, 1659691774952, 1659517101429]"
277,LSAAlS7Yts,1658169302683,"[1661251834740, 1660594193169, 1659691774952, 1659517101429]"
278,LTAdaRM29K,1658169302683,"[1661251834740, 1660594193169, 1659691774952, 1659517101429]"
279,LTiaPxqe2e,1658169302683,"[1661251834740, 1660594193169, 1659691774952, 1659517101429]"
280,LTyqvLEv5b,1658169302683,"[1661251834740, 1660594193169, 1659691774952, 1659517101429]"
281,LcizPy6xhW,1658169302683,"[1661251834740, 1660594193169, 1659691774952, 1659517101429]"
282,LdEm0umNcv,1658169302683,"[1661251834740, 1660594193169, 1659691774952, 1659517101429]"
283,LfTukxzxTj,1658169302683,"[1661251834740, 1660594193169, 1659691774952, 1659517101429]"
284,Lgs5pQ1v30,1658169302683,"[1661251834740, 1660594193169, 1659691774952, 1659517101429]"
285,LjDFIWWVVa,1658169302683,"[1661251834740, 1660594193169, 1659691774952, 1659517101429]"
286,LnjclqBl8R,1658169302683,"[1661251834740, 1660594193169, 1659691774952, 1659517101429]"
287,LwEWrrKyja,1658169302683,"[1661251834740, 1660594193169, 1659691774952, 1659517101429]"
288,Lx19EyKX77,1658169302683,"[1661251834740, 1660594193169, 1659691774952, 1659517101429]"
289,M1cWEqafVv,1658169302683,"[1661251834740, 1660594193169, 1659691774952, 1659517101429]"
290,M8D5iZsnrO,1658169302683,"[1661251834740, 1660594193169, 1659691774952, 1659517101429]"
291,MHOAEiTlen,1658169302683,"[1661251834740, 1660594193169, 1659691774952, 1659517101429]"
292,MKZyHtmfwH,1658169302683,"[1661251834740, 1660594193169, 1659691774952, 1659517101429]"
293,MOvh472UNH,1658169302683,"[1661251834740, 1660594193169, 1659691774952, 1659517101429]"
294,MR4glug5GU,1658169302683,"[1661251834740, 1660594193169, 1659691774952, 1659517101429]"
295,MRLHN4MSmA,1658169302683,"[1661251834740, 1660594193169, 1659691774952, 1659517101429]"
296,MTFf1rDDEI,1658169302683,"[1661251834740, 1660594193169, 1659691774952, 1659517101429]"
297,Ma25S4ludQ,1658169302683,"[1661251834740, 1660594193169, 1659691774952, 1659517101429]"
298,MhK5aXo3gB,1658169302683,"[1661251834740, 1660594193169, 1659691774952, 1659517101429]"
299,MnnoMhFeFb,1658169302683,"[1661251834740, 1660594193169, 1659691774952, 1659517101429]"
300,MzWgBjZ6Le,1658169302683,"[1661251834740, 1660594193169, 1659691774952, 1659517101429]"
301,N7lCDaeNiS,1658169302683,"[1661251834740, 1660594193169, 1659691774952, 1659517101429]"
302,NL2L3XjVFx,1658169302683,"[1661251834740, 1660594193169, 1659691774952, 1659517101429]"
303,NNRIGE8bvF,1658169302683,"[1661251834740, 1660594193169, 1659691774952, 1659517101429]"
304,NPfS5N3jbL,1658169302683,"[1661251834740, 1660594193169, 1659691774952, 1659517101429]"
305,NT9zgedd3I,1658169302683,"[1661251834740, 1660594193169, 1659691774952, 1659517101429]"
306,NXB0rEM2Tq,1658169302683,"[1661251834740, 1660594193169, 1659691774952, 1659517101429]"
307,NljBlZ6hmG,1658169302683,"[1661251834740, 1660594193169, 1659691774952, 1659517101429]"
308,NmTMc3uD1G,1658169302683,"[1661251834740, 1660594193169, 1659691774952, 1659517101429]"
309,Nn71AdKyYH,1658169302683,"[1661251834740, 1660594193169, 1659691774952, 1659517101429]"
310,NrfSRtTpN5,1658169302683,"[1661251834740, 1660594193169, 1659691774952, 1659517101429]"
311,NxnBXFzez3,1658169302683,"[1661251834740, 1660594193169, 1659691774952, 1659517101429]"
312,O0myNR7jtZ,1658169302683,"[1661251834740, 1660594193169, 1659691774952, 1659517101429]"
313,O2hKf7hYCl,1658169302683,"[1661251834740, 1660594193169, 1659691774952, 1659517101429]"
314,OILbP0WErR,1658169302683,"[1661251834740, 1660594193169, 1659691774952, 1659517101429]"
315,OJtYpdiHNo,1658169302683,"[1661251834740, 1660594193169, 1659691774952, 1659517101429]"
316,ORgCYmo0os,1658169302683,"[1661251834740, 1660594193169, 1659691774952, 1659517101429]"
317,OZrV5j07UU,1658169302683,"[1661251834740, 1660594193169, 1659691774952, 1659517101429]"
318,OarsigVib0,1658169302683,"[1661251834740, 1660594193169, 1659691774952, 1659517101429]"
319,ObBRkCcKRM,1658169302683,"[1661251834740, 1660594193169, 1659691774952, 1659517101429]"
320,Oq5XKRVYpQ,1658169302683,"[1661251834740, 1660594193169, 1659691774952, 1659517101429]"
321,OqbGu3hdQb,1658169302683,"[1661251834740, 1660594193169, 1659691774952, 1659517101429]"
322,OsKXlWamTQ,1658169302683,"[1661251834740, 1660594193169, 1659691774952, 1659517101429]"
323,OslAMMF4ZP,1658169302683,"[1661251834740, 1660594193169, 1659691774952, 1659517101429]"
324,OttQCgdH5b,1658169302683,"[1661251834740, 1660594193169, 1659691774952, 1659517101429]"
325,Ox5tmhFBrc,1658169302683,"[1661251834740, 1660594193169, 1659691774952, 1659517101429]"
326,OzGIu4T4Cz,1658169302683,"[1661251834740, 1660594193169, 1659691774952, 1659517101429]"
327,P0XO5ZE98j,1658169302683,"[1661251834740, 1660594193169, 1659691774952, 1659517101429]"
328,P18uCQqEcb,1658169302683,"[1661251834740, 1660594193169, 1659691774952, 1659517101429]"
329,P1DuPJzVTN,1658169302683,"[1661251834740, 1660594193169, 1659691774952, 1659517101429]"
330,P6NcRPb13w,1658169302683,"[1661251834740, 1660594193169, 1659691774952, 1659517101429]"
331,P9Cj6RJmN2,1658169302683,"[1661251834740, 1660594193169, 1659691774952, 1659517101429]"
332,P9zYyG4MKT,1658169302683,"[1661251834740, 1660594193169, 1659691774952, 1659517101429]"
333,PInXz6Gasv,1658169302683,"[1661251834740, 1660594193169, 1659691774952, 1659517101429]"
334,PekuQXzSo0,1658169302683,"[1661251834740, 1660594193169, 1659691774952, 1659517101429]"
335,Pooc0CZa5a,1658169302683,"[1661251834740, 1660594193169, 1659691774952, 1659517101429]"
336,PsDl6kbPYi,1658169302683,"[1661251834740, 1660594193169, 1659691774952, 1659517101429]"
337,PtrK8Aoe2M,1658169302683,"[1661251834740, 1660594193169, 1659691774952, 1659517101429]"
338,Q2MAi8YAL5,1658169302683,"[1661251834740, 1660594193169, 1659691774952, 1659517101429]"
339,Q54jBjc896,1658169302683,"[1661251834740, 1660594193169, 1659691774952, 1659517101429]"
340,Q6ZXm7VBFY,1658169302683,"[1661251834740, 1660594193169, 1659691774952, 1659517101429]"
341,Q6yi9xjvnO,1658169302683,"[1661251834740, 1660594193169, 1659691774952, 1659517101429]"
342,Q8hH7CrSFP,1658169302683,"[1661251834740, 1660594193169, 1659691774952, 1659517101429]"
343,QDQOZnESCG,1658169302683,"[1661251834740, 1660594193169, 1659691774952, 1659517101429]"
344,QFJ3gtbwHR,1658169302683,"[1661251834740, 1660594193169, 1659691774952, 1659517101429]"
345,QTXocpAP9p,1658169302683,"[1661251834740, 1660594193169, 1659691774952, 1659517101429]"
346,QaDevCcmcg,1658169302683,"[1661251834740, 1660594193169, 1659691774952, 1659517101429]"
347,QhHLwn3D0Y,1658169302683,"[1661251834740, 1660594193169, 1659691774952, 1659517101429]"
348,QmOESArhpp,1658169302683,"[1661251834740, 1660594193169, 1659691774952, 1659517101429]"
349,QptGQOnRwl,1658169302683,"[1661251834740, 1660594193169, 1659691774952, 1659517101429]"
350,QrwalLdjZN,1658169302683,"[1661251834740, 1660594193169, 1659691774952, 1659517101429]"
351,Qs3EfpieOh,1658169302683,"[1661251834740, 1660594193169, 1659691774952, 1659517101429]"
352,QspAcsAyis,1658169302683,"[1661251834740, 1660594193169, 1659691774952, 1659517101429]"
353,QtrjqVIZna,1658169302683,"[1661251834740, 1660594193169, 1659691774952, 1659517101429]"
354,QzWr4w8PXx,1658169302683,"[1661251834740, 1660594193169, 1659691774952, 1659517101429]"
355,R6W7zkMz0P,1658169302683,"[1661251834740, 1660594193169, 1659691774952, 1659517101429]"
356,R8TU3pfzFr,1658169302683,"[1661251834740, 1660594193169, 1659691774952, 1659517101429]"
357,R9CgBkeZ6Z,1658169302683,"[1661251834740, 1660594193169, 1659691774952, 1659517101429]"
358,RA0TDqt3hC,1658169302683,"[1661251834740, 1660594193169, 1659691774952, 1659517101429]"
359,RLYkyucU6k,1658169302683,"[1661251834740, 1660594193169, 1659691774952, 1659517101429]"
360,RP6G787uD8,1658169302683,"[1661251834740, 1660594193169, 1659691774952, 1659517101429]"
361,RTeIGQtIfq,1658169302683,"[1661251834740, 1660594193169, 1659691774952, 1659517101429]"
362,RYeRNwRjNE,1658169302683,"[1661251834740, 1660594193169, 1659691774952, 1659517101429]"
363,RZveYHgZbu,1658169302683,"[1661251834740, 1660594193169, 1659691774952, 1659517101429]"
364,Rb6VDOHebB,1658169302683,"[1661251834740, 1660594193169, 1659691774952, 1659517101429]"
365,RbLsYz1Az9,1658169302683,"[1661251834740, 1660594193169, 1659691774952, 1659517101429]"
366,RjZq6W6FoE,1658169302683,"[1661251834740, 1660594193169, 1659691774952, 1659517101429]"
367,Rjra576kZN,1658169302683,"[1661251834740, 1660594193169, 1659691774952, 1659517101429]"
368,RpkIyRn3jW,1658169302683,"[1661251834740, 1660594193169, 1659691774952, 1659517101429]"
369,RxK8dDX1ck,1658169302683,"[1661251834740, 1660594193169, 1659691774952, 1659517101429]"
370,S8eABAy8P3,1658169302683,"[1661251834740, 1660594193169, 1659691774952, 1659517101429]"
371,SEDWlhcFWA,1658169302683,"[1661251834740, 1660594193169, 1659691774952, 1659517101429]"
372,SEUGkraMPi,1658169302683,"[1661251834740, 1660594193169, 1659691774952, 1659517101429]"
373,SGNIcTOtvG,1658169302683,"[1661251834740, 1660594193169, 1659691774952, 1659517101429]"
374,SJ5PuXqi2z,1658169302683,"[1661251834740, 1660594193169, 1659691774952, 1659517101429]"
375,SM1BkjGePI,1658169302683,"[1661251834740, 1660594193169, 1659691774952, 1659517101429]"
376,SVnsb99sXL,1658169302683,"[1661251834740, 1660594193169, 1659691774952, 1659517101429]"
377,SaVEXFuozg,1658169302683,"[1661251834740, 1660594193169, 1659691774952, 1659517101429]"
378,Sb6p5mcefw,1658169302683,"[1661251834740, 1660594193169, 1659691774952, 1659517101429]"
379,SgTKk6ryPr,1658169302683,"[1661251834740, 1660594193169, 1659691774952, 1659517101429]"
380,Sh3RF9JowK,1658169302683,"[1661251834740, 1660594193169, 1659691774952, 1659517101429]"
381,Su290sknyQ,1658169302683,"[1661251834740, 1660594193169, 1659691774952, 1659517101429]"
382,Sv0FWYkQgh,1658169302683,"[1661251834740, 1660594193169, 1659691774952, 1659517101429]"
383,Sw4aYWX21a,1658169302683,"[1661251834740, 1660594193169, 1659691774952, 1659517101429]"
384,SwlfyDq6B3,1658169302683,"[1661251834740, 1660594193169, 1659691774952, 1659517101429]"
385,T1XtOqrVKn,1658169302683,"[1661251834740, 1660594193169, 1659691774952, 1659517101429]"
386,TGuXXlbKsn,1658169302683,"[1661251834740, 1660594193169, 1659691774952, 1659517101429]"
387,TH6YrEcbth,1658169302683,"[1661251834740, 1660594193169, 1659691774952, 1659517101429]"
388,TNocbXm5MZ,1658169302683,"[1661251834740, 1660594193169, 1659691774952, 1659517101429]"
389,TWSTyYd2Rl,1658169302683,"[1661251834740, 1660594193169, 1659691774952, 1659517101429]"
390,TYliwBILJX,1658169302683,"[1661251834740, 1660594193169, 1659691774952, 1659517101429]"
391,TYxfGYXtfr,1658169302683,"[1661251834740, 1660594193169, 1659691774952, 1659517101429]"
392,TdzzL32OUd,1658169302683,"[1661251834740, 1660594193169, 1659691774952, 1659517101429]"
393,ThJl4d5JRg,1658169302683,"[1661251834740, 1660594193169, 1659691774952, 1659517101429]"
394,ThhMzfrd6r,1658169302683,"[1661251834740, 1660594193169, 1659691774952, 1659517101429]"
395,TjaMO63fc9,1658169302683,"[1661251834740, 1660594193169, 1659691774952, 1659517101429]"
396,TmCVPdaxci,1658169302683,"[1661251834740, 1660594193169, 1659691774952, 1659517101429]"
397,TyBd56VK7z,1658169302683,"[1661251834740, 1660594193169, 1659691774952, 1659517101429]"
398,TzRXyO3CzX,1658169302683,"[1661251834740, 1660594193169, 1659691774952, 1659517101429]"
399,U3xToF9fZm,1658169302683,"[1661251834740, 1660594193169, 1659691774952, 1659517101429]"
400,U4MnDySGhy,1658169302683,"[1661251834740, 1660594193169, 1659691774952, 1659517101429]"
401,U8uJAUMzj9,1658169302683,"[1661251834740, 1660594193169, 1659691774952, 1659517101429]"
402,U9InOfOQcf,1658169302683,"[1661251834740, 1660594193169, 1659691774952, 1659517101429]"
403,UAl8TVOM5p,1658169302683,"[1661251834740, 1660594193169, 1659691774952, 1659517101429]"
404,UDmH3HxxPp,1658169302683,"[1661251834740, 1660594193169, 1659691774952, 1659517101429]"
405,UQXdQyoRZh,1658169302683,"[1661251834740, 1660594193169, 1659691774952, 1659517101429]"
406,UVDAKQANOW,1658169302683,"[1661251834740, 1660594193169, 1659691774952, 1659517101429]"
407,UntUoeLwwu,1658169302683,"[1661251834740, 1660594193169, 1659691774952, 1659517101429]"
408,UnxKHyOiSx,1658169302683,"[1661251834740, 1660594193169, 1659691774952, 1659517101429]"
409,Uu8WwCFpQv,1658169302683,"[1661251834740, 1660594193169, 1659691774952, 1659517101429]"
410,UuZ5k5pWEx,1658169302683,"[1661251834740, 1660594193169, 1659691774952, 1659517101429]"
411,UvJBKWaSSH,1658169302683,"[1661251834740, 1660594193169, 1659691774952, 1659517101429]"
412,V3gHTlZIoP,1658169302683,"[1661251834740, 1660594193169, 1659691774952, 1659517101429]"
413,V7tahqGrOq,1658169302683,"[1661251834740, 1660594193169, 1659691774952, 1659517101429]"
414,VBHuLfnOMf,1658169302683,"[1661251834740, 1660594193169, 1659691774952, 1659517101429]"
415,VHIur3v08z,1658169302683,"[1661251834740, 1660594193169, 1659691774952, 1659517101429]"
416,VW4IrC0n0M,1658169302683,"[1661251834740, 1660594193169, 1659691774952, 1659517101429]"
417,VcXNAr5Rur,1658169302683,"[1661251834740, 1660594193169, 1659691774952, 1659517101429]"
418,VeWJZAGPcZ,1658169302683,"[1661251834740, 1660594193169, 1659691774952, 1659517101429]"
419,VipljNfZSZ,1658169302683,"[1661251834740, 1660594193169, 1659691774952, 1659517101429]"
420,VmTYgjYloM,1658169302683,"[1661251834740, 1660594193169, 1659691774952, 1659517101429]"
421,VndsvZYlMo,1658169302683,"[1661251834740, 1660594193169, 1659691774952, 1659517101429]"
422,VpaXrBFYZ9,1658169302683,"[1661251834740, 1660594193169, 1659691774952, 1659517101429]"
423,VrvGHDSzZ7,1658169302683,"[1661251834740, 1660594193169, 1659691774952, 1659517101429]"
424,VynY6Bk03b,1658169302683,"[1661251834740, 1660594193169, 1659691774952, 1659517101429]"
425,W98AEKQ38Y,1658169302683,"[1661251834740, 1660594193169, 1659691774952, 1659517101429]"
426,W98rebBxlQ,1658169302683,"[1661251834740, 1660594193169, 1659691774952, 1659517101429]"
427,WGckk0bk5T,1658169302683,"[1661251834740, 1660594193169, 1659691774952, 1659517101429]"
428,WJt2Pc3qtI,1658169302683,"[1661251834740, 1660594193169, 1659691774952, 1659517101429]"
429,WN1O2MJDST,1658169302683,"[1661251834740, 1660594193169, 1659691774952, 1659517101429]"
430,WNa14lmKen,1658169302683,"[1661251834740, 1660594193169, 1659691774952, 1659517101429]"
431,WVwnccBJLz,1658169302683,"[1661251834740, 1660594193169, 1659691774952, 1659517101429]"
432,WXVkgkPXRk,1658169302683,"[1661251834740, 1660594193169, 1659691774952, 1659517101429]"
433,WXgJN7A69g,1658169302683,"[1661251834740, 1660594193169, 1659691774952, 1659517101429]"
434,WiuqtomnY6,1658169302683,"[1661251834740, 1660594193169, 1659691774952, 1659517101429]"
435,WoXJFsJ6Zw,1658169302683,"[1661251834740, 1660594193169, 1659691774952, 1659517101429]"
436,WrOD56ZoVi,1658169302683,"[1661251834740, 1660594193169, 1659691774952, 1659517101429]"
437,X1VzbBU6xZ,1658169302683,"[1661251834740, 1660594193169, 1659691774952, 1659517101429]"
438,X1XDtko96e,1658169302683,"[1661251834740, 1660594193169, 1659691774952, 1659517101429]"
439,X1pjWMCMB0,1658169302683,"[1661251834740, 1660594193169, 1659691774952, 1659517101429]"
440,X2BodlyLvT,1658169302683,"[1661251834740, 1660594193169, 1659691774952, 1659517101429]"
441,XJIg4kQbkv,1658169302683,"[1661251834740, 1660594193169, 1659691774952, 1659517101429]"
442,XX8CEN815d,1658169302683,"[1661251834740, 1660594193169, 1659691774952, 1659517101429]"
443,XcVzIBXeRn,1658169302683,"[1661251834740, 1660594193169, 1659691774952, 1659517101429]"
444,XejzjAjKjv,1658169302683,"[1661251834740, 1660594193169, 1659691774952, 1659517101429]"
445,Xinam90jSO,1658169302683,"[1661251834740, 1660594193169, 1659691774952, 1659517101429]"
446,XknIAgwLON,1658169302683,"[1661251834740, 1660594193169, 1659691774952, 1659517101429]"
447,XnYtGPgG9p,1658169302683,"[1661251834740, 1660594193169, 1659691774952, 1659517101429]"
448,Xpy2g8MINU,1658169302683,"[1661251834740, 1660594193169, 1659691774952, 1659517101429]"
449,Xq1sTZTQVm,1658169302683,"[1661251834740, 1660594193169, 1659691774952, 1659517101429]"
450,XsPopigZXV,1658169302683,"[1661251834740, 1660594193169, 1659691774952, 1659517101429]"
451,XtL7cM4fQy,1658169302683,"[1661251834740, 1660594193169, 1659691774952, 1659517101429]"
452,Y36iSnIbN7,1658169302683,"[1661251834740, 1660594193169, 1659691774952, 1659517101429]"
453,Y42xVBQusn,1658169302683,"[1661251834740, 1660594193169, 1659691774952, 1659517101429]"
454,Y4mgmw9OgV,1658169302683,"[1661251834740, 1660594193169, 1659691774952, 1659517101429]"
455,YAVE6jfeJb,1658169302683,"[1661251834740, 1660594193169, 1659691774952, 1659517101429]"
456,YChT5UFPgi,1658169302683,"[1661251834740, 1660594193169, 1659691774952, 1659517101429]"
457,YJDqQSAuB6,1658169302683,"[1661251834740, 1660594193169, 1659691774952, 1659517101429]"
458,YQWOzzSMPp,1658169302683,"[1661251834740, 1660594193169, 1659691774952, 1659517101429]"
459,YiOI0vqJ0n,1658169302683,"[1661251834740, 1660594193169, 1659691774952, 1659517101429]"
460,Ymu8ISwZzl,1658169302683,"[1661251834740, 1660594193169, 1659691774952, 1659517101429]"
461,YtU0nDb5e8,1658169302683,"[1661251834740, 1660594193169, 1659691774952, 1659517101429]"
462,YwNrPLjHSL,1658169302683,"[1661251834740, 1660594193169, 1659691774952, 1659517101429]"
463,Z2L5d9ay4B,1658169302683,"[1661251834740, 1660594193169, 1659691774952, 1659517101429]"
464,Z44YAcLaGw,1658169302683,"[1661251834740, 1660594193169, 1659691774952, 1659517101429]"
465,Z4UPS80y3O,1658169302683,"[1661251834740, 1660594193169, 1659691774952, 1659517101429]"
466,ZFPKeIuVvp,1658169302683,"[1661251834740, 1660594193169, 1659691774952, 1659517101429]"
467,ZME2nZMTvY,1658169302683,"[1661251834740, 1660594193169, 1659691774952, 1659517101429]"
468,ZOAb497iaY,1658169302683,"[1661251834740, 1660594193169, 1659691774952, 1659517101429]"
469,ZPBJPGX3Bz,1658169302683,"[1661251834740, 1660594193169, 1659691774952, 1659517101429]"
470,ZPQhzTSWA7,1658169302683,"[1661251834740, 1660594193169, 1659691774952, 1659517101429]"
471,ZR2CDgADRo,1658169302683,"[1661251834740, 1660594193169, 1659691774952, 1659517101429]"
472,ZSxvyWrX6k,1658169302683,"[1661251834740, 1660594193169, 1659691774952, 1659517101429]"
473,ZgXfXSz51n,1658169302683,"[1661251834740, 1660594193169, 1659691774952, 1659517101429]"
474,ZoXi7n54OB,1658169302683,"[1661251834740, 1660594193169, 1659691774952, 1659517101429]"
475,Zxm0kNe3u7,1658169302683,"[1661251834740, 1660594193169, 1659691774952, 1659517101429]"
476,a0T3nOP9sB,1658169302683,"[1661251834740, 1660594193169, 1659691774952, 1659517101429]"
477,a1meaRy1bN,1658169302683,"[1661251834740, 1660594193169, 1659691774952, 1659517101429]"
478,aDh1Q2TfTV,1658169302683,"[1661251834740, 1660594193169, 1659691774952, 1659517101429]"
479,aInw8mJBR0,1658169302683,"[1661251834740, 1660594193169, 1659691774952, 1659517101429]"
480,aIoEkwc2oB,1658169302683,"[1661251834740, 1660594193169, 1659691774952, 1659517101429]"
481,aRsLetumx1,1658169302683,"[1661251834740, 1660594193169, 1659691774952, 1659517101429]"
482,aRtjVZvbpK,1658169302683,"[1661251834740, 1660594193169, 1659691774952, 1659517101429]"
483,aSTsODJ3On,1657178637920,"[1661146416824, 1659643112638, 1658530727634, 1658170018850]"
484,aZsOX6k7Uv,1668851054910,"[1672465357477, 1671221524994, 1670190414025]"
485,ab2l0Rxwyn,1672205251460,"[1675059360187, 1673620992094, 1673598388493]"
486,afoFhWOdra,1664725613016,"[1669844632740, 1668873604823, 1667309141966, 1666114125528, 1665849147744]"
487,ak6Bds2DcI,1650705021056,"[1655036921612, 1654125485930, 1652644004305, 1652611905961, 1652296223609]"
488,akg6kdx0Pk,1676039959109,"[1682331780332, 1681049011988, 1680193151178]"
489,atJHLVyBi8,1654804575730,"[1661651875055, 1660110019332, 1659042784366, 1659009400292, 1658503558210]"
490,ay72p3c2JA,1654008994712,"[1655321789758, 1655253822278, 1655225918773]"
491,b3v1UrtF6G,1655321929847,"[1656952366568, 1656328609386, 1656005615580]"
492,b4tMhpN0JC,1661620549071,"[1665697340362, 1663291856639, 1663260756741, 1663032031023, 1662937201994]"
493,bCiNWDmlY2,1666104707502,"[1670401193865, 1670347471947, 1669782294176]"
494,bMar2OkxVu,1653701359696,"[1657923132272, 1655286418248, 1655277477692, 1655144683464]"
495,bN2vWLTh0P,1659064889433,"[1667202195739, 1665407785270, 1664092423915, 1661259575088, 1660204361291]"
496,berNQMTYWZ,1649261947684,"[1651466943747, 1650994283293, 1650495802419]"
497,bm2XSzY6o7,1675244054111,"[1678406452941, 1677543831807, 1677396863615, 1677363673630, 1677215527278]"
498,bomdTc9HyL,1669203989901,"[1675248135813, 1674827806831, 1673468470011, 1671890842712, 1671820066887]"
499,brGgOAXYtr,1671751876308,"[1679200722728, 1675800351074, 1674578763277]"
500,brjAu7frHb,1653065218627,"[1656180347735, 1654850478861, 1654014158116]"
501,cKhj8PlHDz,1649163958094,"[1654370711407, 1653005144328, 1651666714523]"
502,cKsKXR28cG,1666377771959,"[1669648808063, 1669362733575, 1668237646263]"
503,caRBFhxXIG,1655434216023,"[1659947344769, 1659580181470, 1658310449448, 1657222311739, 1657032721973]"
504,cxp7n9q5c4,1655924978983,"[1659852257605, 1659852085517, 1659852023788, 1659851227201, 1659851129929, 1659850987069, 1659059544134, 1658888361240, 1658888052750, 1658887017931, 1658886645740, 1657604827308, 1657353802236, 1656872216389]"
505,czgMCpvrDM,1662265471290,"[1665337223139, 1664907030210, 1664860529378, 1664293711372]"
506,d3rHk4VAf0,1663618287779,"[1668444531609, 1666022775755, 1665781684528, 1665347739181]"
507,d96WMHRg1i,1665867866578,"[1668440420387, 1668335198311, 1668113351926, 1667775293707]"
508,dBws4Poj0O,1674187769867,"[1677701860357, 1676994911260, 1676326398328]"
509,dPSTDbGtBY,1672341830493,"[1680578951901, 1679868661993, 1676109170344]"
510,dQxBRqCjLr,1668154389444,"[1676144325643, 1675455650532, 1674482582785, 1673357258165, 1672331109542, 1670752252995]"
511,dSbbZwCTQI,1677830692980,"[1679981349164, 1679881332434, 1679873410710, 1679842028935]"
512,dXlRv5g9Iw,1671817549641,"[1676470420282, 1676470335313, 1675888806742, 1675416897396, 1674010844713, 1673932328392, 1673886560880, 1673339661266]"
513,dXnccpSSYF,1675936974369,"[1681094871250, 1680526194840, 1679951574000]"
514,djN3TaqbdA,1676283769175,"[1683325628218, 1682277463719, 1680868704425]"
515,dkHfV3wB2l,1653316402087,"[1657324635398, 1656605443460, 1656604992051, 1656515969721, 1656515400405, 1655908242162, 1655907704929, 1655907447349, 1654808501009, 1654741437802, 1653822570261]"
516,dpOYN7o8Jm,1650381762624,"[1654639329369, 1652085564060, 1652048125425, 1652039173022]"
517,dpSskDgDfE,1652557898597,"[1655199609875, 1654819667216, 1654704185124]"
518,dqgdBy4Uv5,1659955582410,"[1672334943926, 1669170289915, 1666652447724, 1663681772963]"
519,dsGJo0GuF5,1663136857779,"[1666277320270, 1665702089044, 1665155723147]"
520,dtRZmxualH,1668703385810,"[1673264462552, 1670609582502, 1670027262144]"
521,e0xaRylNuT,1672523959348,"[1675562064492, 1675294419853, 1674970465433, 1673742942975]"
522,e3S0Bl2RO8,1652358435506,"[1658771595188, 1655389496942, 1655337696921, 1654281211081]"
523,e4Bb0b3QgJ,1660154624384,"[1661875218124, 1661549370206, 1660943767288]"
524,e5ILb2Nqst,1654707025675,"[1662761030039, 1661350283422, 1660023641751, 1658720176205, 1658653113278, 1658383212976]"
525,e7A0B99zJf,1655926046536,"[1659074598832, 1659073699636, 1659021282725, 1658444184927, 1657322771086]"
526,e7mYYMSyZH,1653884584522,"[1658518948246, 1657258604049, 1656020782552, 1655318044735, 1655311652492]"
527,eGLdVRvvfQ,1666038559033,"[1672923042662, 1670848093026, 1670847826622, 1670846604725, 1670845361550, 1670844968985, 1670028175560, 1668905555679, 1668585540785, 1668433780966]"
528,eGhPQWO83w,1658837804003,"[1660377492949, 1660222504687, 1659695068625]"
529,eLX5XrajXh,1675118565364,"[1684975458869, 1682964853137, 1682387797034, 1678581327008, 1677611367708]"
530,eOh0SICZOb,1662015979656,"[1667480774856, 1667415870257, 1667309678146, 1666042988890, 1664202917848, 1664033011606]"
531,eWvBEMTlRq,1658948122236,"[1662539633915, 1662108904580, 1661294625759, 1660843150465, 1660545233742]"
532,egpjcrBFhs,1669991648295,"[1672162221268, 1671789733259, 1671395989810]"
533,f4VyYhkRvi,1675039964392,"[1677726233599, 1677069927049, 1677068071379]"
534,fARVGN1Xzu,1668777796369,"[1676139112127, 1675537411226, 1670727510312, 1670001653147]"
535,fDgdqEuKX0,1661320937841,"[1669085450584, 1665635917334, 1664617588591, 1664081943965]"
536,fLIWMnZ9ij,1652214190198,"[1659120632931, 1658618716752, 1657217213116, 1656605292299, 1656097853131, 1656073256433]"
537,fTNorIvVXG,1667620474296,"[1672351153190, 1670952059259, 1670951950101, 1670811456970, 1670019135362, 1669858505640, 1668825450702]"
538,fWIQ9Oaao0,1656457978659,"[1660091325494, 1658381961217, 1658288530249, 1658142953008]"
539,fXorxxbDvO,1654016878855,"[1657011434381, 1655626875233, 1655222826620]"
540,feGwuAUPKy,1665044903465,"[1668101099220, 1667665441593, 1667220811113, 1667220585899, 1666899432705, 1665754812716]"
541,fempQstMbV,1670435431711,"[1676229613004, 1675868081441, 1675044536759, 1673513039326, 1672345116850]"
542,fgCvXrPfgV,1662773215753,"[1664758747016, 1664318439877, 1663511041220]"
543,fjkN5Ur2d6,1662773215753,"[1664758747016, 1664318439877, 1663511041220]"
544,fsacLLU35V,1662773215753,"[1664758747016, 1664318439877, 1663511041220]"
545,ftDtukzgSb,1662773215753,"[1664758747016, 1664318439877, 1663511041220]"
546,fudOtITMIZ,1662773215753,"[1664758747016, 1664318439877, 1663511041220]"
547,fvEvDlKko6,1662773215753,"[1664758747016, 1664318439877, 1663511041220]"
548,fvyh6mDWFr,1662773215753,"[1664758747016, 1664318439877, 1663511041220]"
549,g97OHbQyk1,1662773215753,"[1664758747016, 1664318439877, 1663511041220]"
550,gCmQK6McbR,1662773215753,"[1664758747016, 1664318439877, 1663511041220]"
551,gHpTlBGRQg,1662773215753,"[1664758747016, 1664318439877, 1663511041220]"
552,gHsRMCdn6C,1662773215753,"[1664758747016, 1664318439877, 1663511041220]"
553,gNWyr7KBGj,1662773215753,"[1664758747016, 1664318439877, 1663511041220]"
554,gQxtrFKgFQ,1662773215753,"[1664758747016, 1664318439877, 1663511041220]"
555,gR9UVgH8PZ,1662773215753,"[1664758747016, 1664318439877, 1663511041220]"
556,gXxTKxHlPT,1662773215753,"[1664758747016, 1664318439877, 1663511041220]"
557,gYo8y67uNe,1662773215753,"[1664758747016, 1664318439877, 1663511041220]"
558,gZna3IiGfl,1662773215753,"[1664758747016, 1664318439877, 1663511041220]"
559,ggPhsYCsm9,1662773215753,"[1664758747016, 1664318439877, 1663511041220]"
560,goPsLn3RVo,1662773215753,"[1664758747016, 1664318439877, 1663511041220]"
561,gvSHaaD2wQ,1662773215753,"[1664758747016, 1664318439877, 1663511041220]"
562,gvcDSDYUZx,1662773215753,"[1664758747016, 1664318439877, 1663511041220]"
563,gwRwHUZUgz,1662773215753,"[1664758747016, 1664318439877, 1663511041220]"
564,gxsP6GWe7O,1662773215753,"[1664758747016, 1664318439877, 1663511041220]"
565,gyCX6UxRI8,1662773215753,"[1664758747016, 1664318439877, 1663511041220]"
566,gyhiZYrk5y,1662773215753,"[1664758747016, 1664318439877, 1663511041220]"
567,gzTLoYR2da,1662773215753,"[1664758747016, 1664318439877, 1663511041220]"
568,gzhEGhcsnN,1662773215753,"[1664758747016, 1664318439877, 1663511041220]"
569,gzu4ZbBY7S,1662773215753,"[1664758747016, 1664318439877, 1663511041220]"
570,h05RLBNweX,1662773215753,"[1664758747016, 1664318439877, 1663511041220]"
571,h1zuM6cXpH,1662773215753,"[1664758747016, 1664318439877, 1663511041220]"
572,h4BYtZ79uy,1662773215753,"[1664758747016, 1664318439877, 1663511041220]"
573,hF7n7ncYw1,1662773215753,"[1664758747016, 1664318439877, 1663511041220]"
574,hHiIbk7ApW,1662773215753,"[1664758747016, 1664318439877, 1663511041220]"
575,hNeMTfFBQJ,1662773215753,"[1664758747016, 1664318439877, 1663511041220]"
576,hTHvYC1e1i,1662773215753,"[1664758747016, 1664318439877, 1663511041220]"
577,hUgBU9wgSf,1662773215753,"[1664758747016, 1664318439877, 1663511041220]"
578,hVT7SHlilx,1662773215753,"[1664758747016, 1664318439877, 1663511041220]"
579,hqLJMAceZG,1662773215753,"[1664758747016, 1664318439877, 1663511041220]"
580,hxRSGC5mfa,1662773215753,"[1664758747016, 1664318439877, 1663511041220]"
581,i0ZM36d2qU,1662773215753,"[1664758747016, 1664318439877, 1663511041220]"
582,iATMbh8mhD,1662773215753,"[1664758747016, 1664318439877, 1663511041220]"
583,iDxfGaMYVr,1662773215753,"[1664758747016, 1664318439877, 1663511041220]"
584,iEq6lhG4O3,1662773215753,"[1664758747016, 1664318439877, 1663511041220]"
585,iGREAJdULX,1662773215753,"[1664758747016, 1664318439877, 1663511041220]"
586,iIox1e72OK,1662773215753,"[1664758747016, 1664318439877, 1663511041220]"
587,iMmsCI0JsS,1662773215753,"[1664758747016, 1664318439877, 1663511041220]"
588,iO4LZibEqW,1662773215753,"[1664758747016, 1664318439877, 1663511041220]"
589,iPGBcYs9Tk,1662773215753,"[1664758747016, 1664318439877, 1663511041220]"
590,iW9lN8EGLw,1662773215753,"[1664758747016, 1664318439877, 1663511041220]"
591,icVzOFd2BN,1662773215753,"[1664758747016, 1664318439877, 1663511041220]"
592,ilHM31lXC4,1662773215753,"[1664758747016, 1664318439877, 1663511041220]"
593,izL3B8dPx1,1662773215753,"[1664758747016, 1664318439877, 1663511041220]"
594,j2Mid5hFUJ,1662773215753,"[1664758747016, 1664318439877, 1663511041220]"
595,j3FK00HyfU,1662773215753,"[1664758747016, 1664318439877, 1663511041220]"
596,j3oQF9coJd,1662773215753,"[1664758747016, 1664318439877, 1663511041220]"
597,j4y3gN7VtW,1662773215753,"[1664758747016, 1664318439877, 1663511041220]"
598,jIrOeWjdpc,1662773215753,"[1664758747016, 1664318439877, 1663511041220]"
599,jKN1pXi7b0,1662773215753,"[1664758747016, 1664318439877, 1663511041220]"
600,jM8nzUzBWr,1662773215753,"[1664758747016, 1664318439877, 1663511041220]"
601,jVMMdg31De,1662773215753,"[1664758747016, 1664318439877, 1663511041220]"
602,jWr41htaB3,1662773215753,"[1664758747016, 1664318439877, 1663511041220]"
603,jYkWdJzTwn,1662773215753,"[1664758747016, 1664318439877, 1663511041220]"
604,jbZEUtULft,1662773215753,"[1664758747016, 1664318439877, 1663511041220]"
605,jdGMBgYvfX,1662773215753,"[1664758747016, 1664318439877, 1663511041220]"
606,jgMqve6Qhw,1662773215753,"[1664758747016, 1664318439877, 1663511041220]"
607,jjtFD8A1Wx,1662773215753,"[1664758747016, 1664318439877, 1663511041220]"
608,jlE1439nwL,1662773215753,"[1664758747016, 1664318439877, 1663511041220]"
609,k4TxkmrpRa,1662773215753,"[1664758747016, 1664318439877, 1663511041220]"
610,k4iWTEdUSF,1662773215753,"[1664758747016, 1664318439877, 1663511041220]"
611,k5m8xXTOrC,1662773215753,"[1664758747016, 1664318439877, 1663511041220]"
612,k8lB1Pkswa,1662773215753,"[1664758747016, 1664318439877, 1663511041220]"
613,kEm8Es47dw,1662773215753,"[1664758747016, 1664318439877, 1663511041220]"
614,kHB0vdfge9,1662773215753,"[1664758747016, 1664318439877, 1663511041220]"
615,kJcwlP7BRs,1662773215753,"[1664758747016, 1664318439877, 1663511041220]"
616,kLZsLlIpDU,1662773215753,"[1664758747016, 1664318439877, 1663511041220]"
617,kOs37EzuUE,1662773215753,"[1664758747016, 1664318439877, 1663511041220]"
618,l5BzfQhROl,1662773215753,"[1664758747016, 1664318439877, 1663511041220]"
619,lAv8fShACA,1662773215753,"[1664758747016, 1664318439877, 1663511041220]"
620,lCPOHiztuw,1662773215753,"[1664758747016, 1664318439877, 1663511041220]"
621,lE7K4n1Esk,1662773215753,"[1664758747016, 1664318439877, 1663511041220]"
622,lGi94J2MfH,1662773215753,"[1664758747016, 1664318439877, 1663511041220]"
623,lIOQFVncY9,1662773215753,"[1664758747016, 1664318439877, 1663511041220]"
624,lWeSoudtUA,1662773215753,"[1664758747016, 1664318439877, 1663511041220]"
625,lf0lr4AYM6,1662773215753,"[1664758747016, 1664318439877, 1663511041220]"
626,lheUXtDNvP,1662773215753,"[1664758747016, 1664318439877, 1663511041220]"
627,ljXArjJILf,1662773215753,"[1664758747016, 1664318439877, 1663511041220]"
628,lmXMXP74TO,1662773215753,"[1664758747016, 1664318439877, 1663511041220]"
629,lmr2WwlaFc,1662773215753,"[1664758747016, 1664318439877, 1663511041220]"
630,lsnTlqxtZx,1662773215753,"[1664758747016, 1664318439877, 1663511041220]"
631,lukVf4VrfP,1662773215753,"[1664758747016, 1664318439877, 1663511041220]"
632,mANbinHZuw,1662773215753,"[1664758747016, 1664318439877, 1663511041220]"
633,mAx8QqZ14f,1662773215753,"[1664758747016, 1664318439877, 1663511041220]"
634,mHSAy1n65Z,1662773215753,"[1664758747016, 1664318439877, 1663511041220]"
635,mNEqiC924B,1662773215753,"[1664758747016, 1664318439877, 1663511041220]"
636,mQBV1edikj,1662773215753,"[1664758747016, 1664318439877, 1663511041220]"
637,mSDlVLfXN6,1662773215753,"[1664758747016, 1664318439877, 1663511041220]"
638,mW6nD3567x,1662773215753,"[1664758747016, 1664318439877, 1663511041220]"
639,mWklF5xaMI,1662773215753,"[1664758747016, 1664318439877, 1663511041220]"
640,mXfkKtu5JA,1662773215753,"[1664758747016, 1664318439877, 1663511041220]"
641,mbwm7NdkpO,1662773215753,"[1664758747016, 1664318439877, 1663511041220]"
642,mbyjtOIizu,1662773215753,"[1664758747016, 1664318439877, 1663511041220]"
643,mrTXGDZns2,1662773215753,"[1664758747016, 1664318439877, 1663511041220]"
644,mySiFHCeAl,1662773215753,"[1664758747016, 1664318439877, 1663511041220]"
645,myjAVQrRxS,1662773215753,"[1664758747016, 1664318439877, 1663511041220]"
646,n2epG9Xn1L,1662773215753,"[1664758747016, 1664318439877, 1663511041220]"
647,n3qLz4eL1l,1662773215753,"[1664758747016, 1664318439877, 1663511041220]"
648,nAr9PhyEbQ,1662773215753,"[1664758747016, 1664318439877, 1663511041220]"
649,nEX2q5B2RQ,1662773215753,"[1664758747016, 1664318439877, 1663511041220]"
650,nHfPXl1ly7,1662773215753,"[1664758747016, 1664318439877, 1663511041220]"
651,nKB2TLYl0n,1662773215753,"[1664758747016, 1664318439877, 1663511041220]"
652,nOk4XEB7Ke,1662773215753,"[1664758747016, 1664318439877, 1663511041220]"
653,nPwdnRNJEP,1662773215753,"[1664758747016, 1664318439877, 1663511041220]"
654,nS8A9nOrqp,1662773215753,"[1664758747016, 1664318439877, 1663511041220]"
655,nXfptr5iGa,1662773215753,"[1664758747016, 1664318439877, 1663511041220]"
656,na5sHG69rI,1662773215753,"[1664758747016, 1664318439877, 1663511041220]"
657,nddEHTSnqg,1662773215753,"[1664758747016, 1664318439877, 1663511041220]"
658,nfYwRIezvg,1662773215753,"[1664758747016, 1664318439877, 1663511041220]"
659,nmFczdJtc2,1662773215753,"[1664758747016, 1664318439877, 1663511041220]"
660,oFZyeFe85Z,1662773215753,"[1664758747016, 1664318439877, 1663511041220]"
661,oG8W3CfXal,1662773215753,"[1664758747016, 1664318439877, 1663511041220]"
662,oGIR0ic3jU,1662773215753,"[1664758747016, 1664318439877, 1663511041220]"
663,oKlEOT83gI,1662773215753,"[1664758747016, 1664318439877, 1663511041220]"
664,oLvlPJheCD,1662773215753,"[1664758747016, 1664318439877, 1663511041220]"
665,oRNFjEmjvV,1662773215753,"[1664758747016, 1664318439877, 1663511041220]"
666,oRP8urZ8Fx,1662773215753,"[1664758747016, 1664318439877, 1663511041220]"
667,oRjk5V9eDp,1662773215753,"[1664758747016, 1664318439877, 1663511041220]"
668,oT3mUVZwGC,1662773215753,"[1664758747016, 1664318439877, 1663511041220]"
669,oXMOcSS0CZ,1662773215753,"[1664758747016, 1664318439877, 1663511041220]"
670,oXmwAPlbVw,1662773215753,"[1664758747016, 1664318439877, 1663511041220]"
671,oe4dl4MCGY,1662773215753,"[1664758747016, 1664318439877, 1663511041220]"
672,onufdyHvqN,1662773215753,"[1664758747016, 1664318439877, 1663511041220]"
673,oq3tx5kinu,1662773215753,"[1664758747016, 1664318439877, 1663511041220]"
674,oqOBTo5uWD,1662773215753,"[1664758747016, 1664318439877, 1663511041220]"
675,osvYzEsa9L,1662773215753,"[1664758747016, 1664318439877, 1663511041220]"
676,ovmP77GOpO,1662773215753,"[1664758747016, 1664318439877, 1663511041220]"
677,p28wv4G65d,1662773215753,"[1664758747016, 1664318439877, 1663511041220]"
678,p3pH2EKRQz,1662773215753,"[1664758747016, 1664318439877, 1663511041220]"
679,p5V8P2J61u,1662773215753,"[1664758747016, 1664318439877, 1663511041220]"
680,p6xslUyvka,1662773215753,"[1664758747016, 1664318439877, 1663511041220]"
681,p7UTv2hWgM,1662773215753,"[1664758747016, 1664318439877, 1663511041220]"
682,p8gncJbMit,1662773215753,"[1664758747016, 1664318439877, 1663511041220]"
683,pP0ABGeLe9,1662773215753,"[1664758747016, 1664318439877, 1663511041220]"
684,pPfwSOEa08,1662773215753,"[1664758747016, 1664318439877, 1663511041220]"
685,pV4t8VPKa7,1662773215753,"[1664758747016, 1664318439877, 1663511041220]"
686,pWqrWG6zw2,1662773215753,"[1664758747016, 1664318439877, 1663511041220]"
687,paguBNtqiO,1662773215753,"[1664758747016, 1664318439877, 1663511041220]"
688,pbs22kJmEO,1662773215753,"[1664758747016, 1664318439877, 1663511041220]"
689,ph3AYXpwEb,1662773215753,"[1664758747016, 1664318439877, 1663511041220]"
690,ptSoCfqfEu,1662773215753,"[1664758747016, 1664318439877, 1663511041220]"
691,ptpc418dvF,1662773215753,"[1664758747016, 1664318439877, 1663511041220]"
692,pxpbTdUEpD,1662773215753,"[1664758747016, 1664318439877, 1663511041220]"
693,q1Fey9feu7,1662773215753,"[1664758747016, 1664318439877, 1663511041220]"
694,qM1Bsh3Oyt,1662773215753,"[1664758747016, 1664318439877, 1663511041220]"
695,qQiDjsx45J,1662773215753,"[1664758747016, 1664318439877, 1663511041220]"
696,qSnHmZg63d,1662773215753,"[1664758747016, 1664318439877, 1663511041220]"
697,qYNfwFCX9a,1662773215753,"[1664758747016, 1664318439877, 1663511041220]"
698,qcXwX7CJvX,1662773215753,"[1664758747016, 1664318439877, 1663511041220]"
699,qdDmxzGuzu,1662773215753,"[1664758747016, 1664318439877, 1663511041220]"
700,qrGKGZZvH0,1662773215753,"[1664758747016, 1664318439877, 1663511041220]"
701,qvRWcDXBam,1662773215753,"[1664758747016, 1664318439877, 1663511041220]"
702,qxrwt6F3sf,1662773215753,"[1664758747016, 1664318439877, 1663511041220]"
703,qzM1Tw5i7N,1662773215753,"[1664758747016, 1664318439877, 1663511041220]"
704,r7imkFEAQb,1662773215753,"[1664758747016, 1664318439877, 1663511041220]"
705,r9vGSpbbRO,1662773215753,"[1664758747016, 1664318439877, 1663511041220]"
706,rAnB7JSMXL,1662773215753,"[1664758747016, 1664318439877, 1663511041220]"
707,rVVgRlDs14,1662773215753,"[1664758747016, 1664318439877, 1663511041220]"
708,rkMIjAZj9n,1662773215753,"[1664758747016, 1664318439877, 1663511041220]"
709,rlg07ZFnzA,1662773215753,"[1664758747016, 1664318439877, 1663511041220]"
710,rm0zIzlhcX,1662773215753,"[1664758747016, 1664318439877, 1663511041220]"
711,rrMK6hYNSx,1662773215753,"[1664758747016, 1664318439877, 1663511041220]"
712,ryUHgEdWCQ,1662773215753,"[1664758747016, 1664318439877, 1663511041220]"
713,s9HBWWdXgp,1662773215753,"[1664758747016, 1664318439877, 1663511041220]"
714,s9efQF3QW1,1662773215753,"[1664758747016, 1664318439877, 1663511041220]"
715,sFGmQZ7GQf,1662773215753,"[1664758747016, 1664318439877, 1663511041220]"
716,sMsGv5Kfm3,1662773215753,"[1664758747016, 1664318439877, 1663511041220]"
717,sNxNi54B8b,1662773215753,"[1664758747016, 1664318439877, 1663511041220]"
718,sRgvmXjrmg,1662773215753,"[1664758747016, 1664318439877, 1663511041220]"
719,sWQJfb2GSk,1662773215753,"[1664758747016, 1664318439877, 1663511041220]"
720,sX9d3gfwtE,1662773215753,"[1664758747016, 1664318439877, 1663511041220]"
721,sY35BAiIf4,1662773215753,"[1664758747016, 1664318439877, 1663511041220]"
722,scfhGSagyF,1662773215753,"[1664758747016, 1664318439877, 1663511041220]"
723,shQup8NVKl,1662773215753,"[1664758747016, 1664318439877, 1663511041220]"
724,sixOD8YVvM,1662773215753,"[1664758747016, 1664318439877, 1663511041220]"
725,slsAQHpS7n,1662773215753,"[1664758747016, 1664318439877, 1663511041220]"
726,t0L4xG4aGC,1662773215753,"[1664758747016, 1664318439877, 1663511041220]"
727,t5HkgbxZp1,1662773215753,"[1664758747016, 1664318439877, 1663511041220]"
728,tBl4yBEjKi,1662773215753,"[1664758747016, 1664318439877, 1663511041220]"
729,tCOnm1HK6U,1662773215753,"[1664758747016, 1664318439877, 1663511041220]"
730,tE2NiMGd07,1662773215753,"[1664758747016, 1664318439877, 1663511041220]"
731,tEVpz2xJWX,1662773215753,"[1664758747016, 1664318439877, 1663511041220]"
732,tIdBsdyxG3,1662773215753,"[1664758747016, 1664318439877, 1663511041220]"
733,tLG26QxoD8,1662773215753,"[1664758747016, 1664318439877, 1663511041220]"
734,tLIBAEYjcv,1662773215753,"[1664758747016, 1664318439877, 1663511041220]"
735,tPMQ6Je2rB,1662773215753,"[1664758747016, 1664318439877, 1663511041220]"
736,tbd9f3HwPy,1662773215753,"[1664758747016, 1664318439877, 1663511041220]"
737,tcnAvkKwA9,1662773215753,"[1664758747016, 1664318439877, 1663511041220]"
738,tfTPNZd48H,1662773215753,"[1664758747016, 1664318439877, 1663511041220]"
739,tnPjQpYk7D,1662773215753,"[1664758747016, 1664318439877, 1663511041220]"
740,tnRRHzZPMq,1662773215753,"[1664758747016, 1664318439877, 1663511041220]"
741,tqDhrbKJLS,1662773215753,"[1664758747016, 1664318439877, 1663511041220]"
742,ttzypy3kT7,1662773215753,"[1664758747016, 1664318439877, 1663511041220]"
743,u0n1chY0b6,1662773215753,"[1664758747016, 1664318439877, 1663511041220]"
744,u1hp5xGiYW,1662773215753,"[1664758747016, 1664318439877, 1663511041220]"
745,u8tvSxm4Bs,1662773215753,"[1664758747016, 1664318439877, 1663511041220]"
746,uHKFly27T1,1662773215753,"[1664758747016, 1664318439877, 1663511041220]"
747,uNl5MLPvTz,1662773215753,"[1664758747016, 1664318439877, 1663511041220]"
748,uY0yy2bXUc,1662773215753,"[1664758747016, 1664318439877, 1663511041220]"
749,umFYHBDCcW,1662773215753,"[1664758747016, 1664318439877, 1663511041220]"
750,urfWb7VjmL,1662773215753,"[1664758747016, 1664318439877, 1663511041220]"
751,uv32JOdQuh,1662773215753,"[1664758747016, 1664318439877, 1663511041220]"
752,uvDD9rN6Zz,1662773215753,"[1664758747016, 1664318439877, 1663511041220]"
753,uyTL5Bvosj,1662773215753,"[1664758747016, 1664318439877, 1663511041220]"
754,v5jwDLqfQo,1662773215753,"[1664758747016, 1664318439877, 1663511041220]"
755,v6anjyEDVW,1662773215753,"[1664758747016, 1664318439877, 1663511041220]"
756,v73h3bYE2Z,1662773215753,"[1664758747016, 1664318439877, 1663511041220]"
757,vC7EyLp0c4,1662773215753,"[1664758747016, 1664318439877, 1663511041220]"
758,vIc8P32GRG,1662773215753,"[1664758747016, 1664318439877, 1663511041220]"
759,vJ1VoM8qNz,1662773215753,"[1664758747016, 1664318439877, 1663511041220]"
760,vLUduwcy1z,1662773215753,"[1664758747016, 1664318439877, 1663511041220]"
761,vTmgKhvMfB,1662773215753,"[1664758747016, 1664318439877, 1663511041220]"
762,vTsfup5ll6,1662773215753,"[1664758747016, 1664318439877, 1663511041220]"
763,vUuHPRrWs2,1662773215753,"[1664758747016, 1664318439877, 1663511041220]"
764,vXSsTYs6ZB,1662773215753,"[1664758747016, 1664318439877, 1663511041220]"
765,vcHwQyNBjW,1662773215753,"[1664758747016, 1664318439877, 1663511041220]"
766,vd0onGWZbE,1662773215753,"[1664758747016, 1664318439877, 1663511041220]"
767,vqRzLv6POg,1662773215753,"[1664758747016, 1664318439877, 1663511041220]"
768,vwOKBldzFu,1662773215753,"[1664758747016, 1664318439877, 1663511041220]"
769,vxyjTUPV24,1662773215753,"[1664758747016, 1664318439877, 1663511041220]"
770,w3x20YEcQK,1662773215753,"[1664758747016, 1664318439877, 1663511041220]"
771,w3z3sN1b04,1662773215753,"[1664758747016, 1664318439877, 1663511041220]"
772,w8s4rtzMVQ,1662773215753,"[1664758747016, 1664318439877, 1663511041220]"
773,wG8KcY3fuX,1662773215753,"[1664758747016, 1664318439877, 1663511041220]"
774,wIXHG8LZ2w,1662773215753,"[1664758747016, 1664318439877, 1663511041220]"
775,wNBARGxoJn,1662773215753,"[1664758747016, 1664318439877, 1663511041220]"
776,wSKOFSpPBG,1662773215753,"[1664758747016, 1664318439877, 1663511041220]"
777,wduAKrhm5w,1662773215753,"[1664758747016, 1664318439877, 1663511041220]"
778,whJPugmP5I,1662773215753,"[1664758747016, 1664318439877, 1663511041220]"
779,wk8oXR0kFA,1662773215753,"[1664758747016, 1664318439877, 1663511041220]"
780,wkecshlYxI,1662773215753,"[1664758747016, 1664318439877, 1663511041220]"
781,wmGlMhaBe0,1662773215753,"[1664758747016, 1664318439877, 1663511041220]"
782,x1jbQLuvSC,1662773215753,"[1664758747016, 1664318439877, 1663511041220]"
783,x4hmIsWu7e,1662773215753,"[1664758747016, 1664318439877, 1663511041220]"
784,xOkAEuefAK,1662773215753,"[1664758747016, 1664318439877, 1663511041220]"
785,xVX1wdsiOi,1662773215753,"[1664758747016, 1664318439877, 1663511041220]"
786,xbt6pSHfYN,1662773215753,"[1664758747016, 1664318439877, 1663511041220]"
787,xkrtvHlp3P,1662773215753,"[1664758747016, 1664318439877, 1663511041220]"
788,xqS8k9E75c,1662773215753,"[1664758747016, 1664318439877, 1663511041220]"
789,xwWsiFmUEs,1662773215753,"[1664758747016, 1664318439877, 1663511041220]"
790,xyt4wfdo4J,1662773215753,"[1664758747016, 1664318439877, 1663511041220]"
791,xzCDD9i4IZ,1662773215753,"[1664758747016, 1664318439877, 1663511041220]"
792,y4CGF1A8VG,1662773215753,"[1664758747016, 1664318439877, 1663511041220]"
793,y7RGNXhGSR,1662773215753,"[1664758747016, 1664318439877, 1663511041220]"
794,yVkpxs77cD,1662773215753,"[1664758747016, 1664318439877, 1663511041220]"
795,yeT9cBq8Cn,1662773215753,"[1664758747016, 1664318439877, 1663511041220]"
796,ygoNPRiLxw,1662773215753,"[1664758747016, 1664318439877, 1663511041220]"
797,yhGCKUsKJS,1662773215753,"[1664758747016, 1664318439877, 1663511041220]"
798,ywiegsPRSF,1662773215753,"[1664758747016, 1664318439877, 1663511041220]"
799,ywr5sWqQt4,1662773215753,"[1664758747016, 1664318439877, 1663511041220]"
800,yzkSU5zdwD,1662773215753,"[1664758747016, 1664318439877, 1663511041220]"
801,zFhNBs8GaV,1662773215753,"[1664758747016, 1664318439877, 1663511041220]"
802,zKnqZeUCLO,1662773215753,"[1664758747016, 1664318439877, 1663511041220]"
803,zSDCvlaVBn,1662773215753,"[1664758747016, 1664318439877, 1663511041220]"
804,zTklDjybrK,1662773215753,"[1664758747016, 1664318439877, 1663511041220]"
805,zfBW39xZ2E,1662773215753,"[1664758747016, 1664318439877, 1663511041220]"
806,zhrvDUhjNn,1662773215753,"[1664758747016, 1664318439877, 1663511041220]"
807,zlQXV7xtZs,1662773215753,"[1664758747016, 1664318439877, 1663511041220]"
808,znNITCJyTI,1662773215753,"[1664758747016, 1664318439877, 1663511041220]"
809,zvuhsIAkUl,1662773215753,"[1664758747016, 1664318439877, 1663511041220]"
810,zwRX9kkKzj,1662773215753,"[1664758747016, 1664318439877, 1663511041220]"
